{
  "/assets/bootstrap-table.js-26" : {
    "transaction" : "/assets/bootstrap-table.js-26",
    "sampleCount" : 10100,
    "errorCount" : 10100,
    "errorPct" : 100.0,
    "meanResTime" : 48.54485148514846,
    "medianResTime" : 1.0,
    "minResTime" : 0.0,
    "maxResTime" : 1895.0,
    "pct1ResTime" : 11.0,
    "pct2ResTime" : 185.9499999999989,
    "pct3ResTime" : 1004.0,
    "throughput" : 83.0421377183967,
    "receivedKBytesPerSec" : 206.38890673175746,
    "sentKBytesPerSec" : 0.0
  },
  "/assets/bootstrap-table.js-24" : {
    "transaction" : "/assets/bootstrap-table.js-24",
    "sampleCount" : 10100,
    "errorCount" : 10100,
    "errorPct" : 100.0,
    "meanResTime" : 46.68326732673272,
    "medianResTime" : 1.0,
    "minResTime" : 0.0,
    "maxResTime" : 1568.0,
    "pct1ResTime" : 11.0,
    "pct2ResTime" : 162.9499999999989,
    "pct3ResTime" : 1007.0,
    "throughput" : 84.4192208356667,
    "receivedKBytesPerSec" : 209.8114424089568,
    "sentKBytesPerSec" : 0.0
  },
  "/success.txt-21" : {
    "transaction" : "/success.txt-21",
    "sampleCount" : 10100,
    "errorCount" : 10100,
    "errorPct" : 100.0,
    "meanResTime" : 42.06356435643572,
    "medianResTime" : 1.0,
    "minResTime" : 0.0,
    "maxResTime" : 1343.0,
    "pct1ResTime" : 12.0,
    "pct2ResTime" : 156.0,
    "pct3ResTime" : 1005.9899999999998,
    "throughput" : 86.47112206982757,
    "receivedKBytesPerSec" : 214.91113834737416,
    "sentKBytesPerSec" : 0.0
  },
  "/success.txt-22" : {
    "transaction" : "/success.txt-22",
    "sampleCount" : 10100,
    "errorCount" : 10100,
    "errorPct" : 100.0,
    "meanResTime" : 46.43366336633679,
    "medianResTime" : 1.0,
    "minResTime" : 0.0,
    "maxResTime" : 1475.0,
    "pct1ResTime" : 13.0,
    "pct2ResTime" : 177.0,
    "pct3ResTime" : 1005.0,
    "throughput" : 85.83763937992929,
    "receivedKBytesPerSec" : 213.3367111542188,
    "sentKBytesPerSec" : 0.0
  },
  "/img/glyphicons-halflings.png-20" : {
    "transaction" : "/img/glyphicons-halflings.png-20",
    "sampleCount" : 10100,
    "errorCount" : 10100,
    "errorPct" : 100.0,
    "meanResTime" : 42.425940594059476,
    "medianResTime" : 1.0,
    "minResTime" : 0.0,
    "maxResTime" : 1331.0,
    "pct1ResTime" : 14.0,
    "pct2ResTime" : 173.89999999999782,
    "pct3ResTime" : 1005.0,
    "throughput" : 87.21256551736047,
    "receivedKBytesPerSec" : 216.7538859782055,
    "sentKBytesPerSec" : 0.0
  },
  "/success.txt-27" : {
    "transaction" : "/success.txt-27",
    "sampleCount" : 10100,
    "errorCount" : 10100,
    "errorPct" : 100.0,
    "meanResTime" : 47.62485148514844,
    "medianResTime" : 1.0,
    "minResTime" : 0.0,
    "maxResTime" : 1846.0,
    "pct1ResTime" : 11.0,
    "pct2ResTime" : 182.9499999999989,
    "pct3ResTime" : 1005.0,
    "throughput" : 82.37030754299974,
    "receivedKBytesPerSec" : 204.71917255559995,
    "sentKBytesPerSec" : 0.0
  },
  "/success.txt-28" : {
    "transaction" : "/success.txt-28",
    "sampleCount" : 10100,
    "errorCount" : 10100,
    "errorPct" : 100.0,
    "meanResTime" : 50.06544554455445,
    "medianResTime" : 1.0,
    "minResTime" : 0.0,
    "maxResTime" : 1521.0,
    "pct1ResTime" : 11.0,
    "pct2ResTime" : 225.79999999999563,
    "pct3ResTime" : 1004.0,
    "throughput" : 81.7079386138774,
    "receivedKBytesPerSec" : 203.0729529026543,
    "sentKBytesPerSec" : 0.0
  },
  "/assets/bootstrap.min.js-15" : {
    "transaction" : "/assets/bootstrap.min.js-15",
    "sampleCount" : 10100,
    "errorCount" : 10100,
    "errorPct" : 100.0,
    "meanResTime" : 41.32178217821774,
    "medianResTime" : 1.0,
    "minResTime" : 0.0,
    "maxResTime" : 1247.0,
    "pct1ResTime" : 19.0,
    "pct2ResTime" : 194.0,
    "pct3ResTime" : 1004.0,
    "throughput" : 90.23496828374877,
    "receivedKBytesPerSec" : 224.26561941615293,
    "sentKBytesPerSec" : 0.0
  },
  "/reserve.php-23" : {
    "transaction" : "/reserve.php-23",
    "sampleCount" : 10100,
    "errorCount" : 10100,
    "errorPct" : 100.0,
    "meanResTime" : 46.50831683168318,
    "medianResTime" : 1.0,
    "minResTime" : 0.0,
    "maxResTime" : 1223.0,
    "pct1ResTime" : 12.0,
    "pct2ResTime" : 172.9499999999989,
    "pct3ResTime" : 1007.0,
    "throughput" : 85.11355496565963,
    "receivedKBytesPerSec" : 211.53710682383178,
    "sentKBytesPerSec" : 0.0
  },
  "/assets/bootstrap-table.css-18" : {
    "transaction" : "/assets/bootstrap-table.css-18",
    "sampleCount" : 10100,
    "errorCount" : 10100,
    "errorPct" : 100.0,
    "meanResTime" : 42.08980198019803,
    "medianResTime" : 1.0,
    "minResTime" : 0.0,
    "maxResTime" : 1324.0,
    "pct1ResTime" : 20.0,
    "pct2ResTime" : 169.9499999999989,
    "pct3ResTime" : 1004.0,
    "throughput" : 89.43910171262597,
    "receivedKBytesPerSec" : 222.28761119007137,
    "sentKBytesPerSec" : 0.0
  },
  "/-14" : {
    "transaction" : "/-14",
    "sampleCount" : 10100,
    "errorCount" : 10100,
    "errorPct" : 100.0,
    "meanResTime" : 52.39396039603945,
    "medianResTime" : 1.0,
    "minResTime" : 0.0,
    "maxResTime" : 1174.0,
    "pct1ResTime" : 19.0,
    "pct2ResTime" : 248.0,
    "pct3ResTime" : 1007.0,
    "throughput" : 91.77563129821628,
    "receivedKBytesPerSec" : 228.09470864644572,
    "sentKBytesPerSec" : 0.0
  },
  "/-7" : {
    "transaction" : "/-7",
    "sampleCount" : 10100,
    "errorCount" : 10100,
    "errorPct" : 100.0,
    "meanResTime" : 656.2051485148534,
    "medianResTime" : 1001.0,
    "minResTime" : 0.0,
    "maxResTime" : 1489.0,
    "pct1ResTime" : 1045.0,
    "pct2ResTime" : 1079.0,
    "pct3ResTime" : 1201.9799999999996,
    "throughput" : 94.8534936138242,
    "receivedKBytesPerSec" : 235.74427856170172,
    "sentKBytesPerSec" : 0.0
  },
  "/assets/bootstrap.min.css-17" : {
    "transaction" : "/assets/bootstrap.min.css-17",
    "sampleCount" : 10100,
    "errorCount" : 10100,
    "errorPct" : 100.0,
    "meanResTime" : 44.306732673267454,
    "medianResTime" : 1.0,
    "minResTime" : 0.0,
    "maxResTime" : 1243.0,
    "pct1ResTime" : 17.0,
    "pct2ResTime" : 173.9499999999989,
    "pct3ResTime" : 1006.0,
    "throughput" : 88.65715138428047,
    "receivedKBytesPerSec" : 220.3441897197205,
    "sentKBytesPerSec" : 0.0
  },
  "/purchase.php-25" : {
    "transaction" : "/purchase.php-25",
    "sampleCount" : 10100,
    "errorCount" : 10100,
    "errorPct" : 100.0,
    "meanResTime" : 45.63504950495048,
    "medianResTime" : 1.0,
    "minResTime" : 0.0,
    "maxResTime" : 1571.0,
    "pct1ResTime" : 11.0,
    "pct2ResTime" : 164.69999999999345,
    "pct3ResTime" : 1005.0,
    "throughput" : 83.72362912919137,
    "receivedKBytesPerSec" : 208.08265247440625,
    "sentKBytesPerSec" : 0.0
  },
  "/assets/bootstrap-table.js-16" : {
    "transaction" : "/assets/bootstrap-table.js-16",
    "sampleCount" : 10100,
    "errorCount" : 10100,
    "errorPct" : 100.0,
    "meanResTime" : 45.05227722772268,
    "medianResTime" : 1.0,
    "minResTime" : 0.0,
    "maxResTime" : 1264.0,
    "pct1ResTime" : 21.0,
    "pct2ResTime" : 210.9499999999989,
    "pct3ResTime" : 1006.0,
    "throughput" : 90.94920351910383,
    "receivedKBytesPerSec" : 226.0407450743352,
    "sentKBytesPerSec" : 0.0
  },
  "/success.txt-10" : {
    "transaction" : "/success.txt-10",
    "sampleCount" : 10100,
    "errorCount" : 10100,
    "errorPct" : 100.0,
    "meanResTime" : 45.14900990099012,
    "medianResTime" : 2.0,
    "minResTime" : 0.0,
    "maxResTime" : 1267.0,
    "pct1ResTime" : 20.0,
    "pct2ResTime" : 236.0,
    "pct3ResTime" : 1012.0,
    "throughput" : 95.17527327553712,
    "receivedKBytesPerSec" : 236.54401414672068,
    "sentKBytesPerSec" : 0.0
  },
  "/success.txt-11" : {
    "transaction" : "/success.txt-11",
    "sampleCount" : 10100,
    "errorCount" : 10100,
    "errorPct" : 100.0,
    "meanResTime" : 39.50999999999994,
    "medianResTime" : 2.0,
    "minResTime" : 0.0,
    "maxResTime" : 1644.0,
    "pct1ResTime" : 23.0,
    "pct2ResTime" : 171.0,
    "pct3ResTime" : 1003.0,